post_key,scheduled_at_jst,platform,image_path,text,status,error
2026-10-04-14-Instagram,2026-10-04T14:00:00+09:00,Instagram,https://raw.githubusercontent.com/sodagrand0301-afk/grand-ideal-sns-auto-post/main/2026-10-04_1400_oct04_02.png,"カードローンについて、借入残高を正確に確認。

住宅ローン審査で確認したいポイントを整理します。

確認したいのは、①残高 ②毎月の返済 ③借入件数です。
借りられる額や目先の数字だけで決めず、購入後の家計も含めて整理しましょう。条件や制度は最新の公式情報を確認し、個別の審査結果を断定しないことが大切です。

借りられる額と返せる額は別です。
収入・借入・生活費を一覧に。
将来の教育費や修繕費も確認。
不安は早めに専門家へ相談しましょう。

#住宅ローン #住宅ローン審査 #マイホーム #住宅購入 #資金計画 #家計見直し

詳しくは公式LINEまでご相談ください。",planned,
2026-10-04-18-Instagram,2026-10-04T18:00:00+09:00,Instagram,https://raw.githubusercontent.com/sodagrand0301-afk/grand-ideal-sns-auto-post/main/2026-10-04_1800_oct04_03.png,"カードローンについて、返済計画に組み込む。

住宅ローン審査で確認したいポイントを整理します。

確認したいのは、①残高 ②毎月の返済 ③借入件数です。
借りられる額や目先の数字だけで決めず、購入後の家計も含めて整理しましょう。条件や制度は最新の公式情報を確認し、個別の審査結果を断定しないことが大切です。

借りられる額と返せる額は別です。
収入・借入・生活費を一覧に。
将来の教育費や修繕費も確認。
不安は早めに専門家へ相談しましょう。

#住宅ローン #住宅ローン審査 #マイホーム #住宅購入 #資金計画 #家計見直し

詳しくは公式LINEまでご相談ください。",planned,
2026-10-05-10-Instagram,2026-10-05T10:00:00+09:00,Instagram,https://raw.githubusercontent.com/sodagrand0301-afk/grand-ideal-sns-auto-post/main/2026-10-05_1000_oct_05_01.png,"自動車ローンについて、住宅購入前に確認。

住宅ローン審査で確認したいポイントを整理します。

確認したいのは、①残りの返済期間 ②毎月の支払額 ③完済予定です。
借りられる額や目先の数字だけで決めず、購入後の家計も含めて整理しましょう。条件や制度は最新の公式情報を確認し、個別の審査結果を断定しないことが大切です。

借りられる額と返せる額は別です。
収入・借入・生活費を一覧に。
将来の教育費や修繕費も確認。
不安は早めに専門家へ相談しましょう。

#住宅ローン #住宅ローン審査 #マイホーム #住宅購入 #資金計画 #家計見直し

詳しくは公式LINEまでご相談ください。",planned,
2026-10-05-14-Instagram,2026-10-05T14:00:00+09:00,Instagram,https://raw.githubusercontent.com/sodagrand0301-afk/grand-ideal-sns-auto-post/main/2026-10-05_1400_oct_05_02.png,"自動車ローンについて、返済額を家計で見る。

住宅ローン審査で確認したいポイントを整理します。

確認したいのは、①残りの返済期間 ②毎月の支払額 ③完済予定です。
借りられる額や目先の数字だけで決めず、購入後の家計も含めて整理しましょう。条件や制度は最新の公式情報を確認し、個別の審査結果を断定しないことが大切です。

借りられる額と返せる額は別です。
収入・借入・生活費を一覧に。
将来の教育費や修繕費も確認。
不安は早めに専門家へ相談しましょう。

#住宅ローン #住宅ローン審査 #マイホーム #住宅購入 #資金計画 #家計見直し

詳しくは公式LINEまでご相談ください。",planned,
2026-10-05-18-Instagram,2026-10-05T18:00:00+09:00,Instagram,https://raw.githubusercontent.com/sodagrand0301-afk/grand-ideal-sns-auto-post/main/2026-10-05_1800_oct_05_03.png,"自動車ローンについて、借入状況をまとめる。

住宅ローン審査で確認したいポイントを整理します。

確認したいのは、①残りの返済期間 ②毎月の支払額 ③完済予定です。
借りられる額や目先の数字だけで決めず、購入後の家計も含めて整理しましょう。条件や制度は最新の公式情報を確認し、個別の審査結果を断定しないことが大切です。

借りられる額と返せる額は別です。
収入・借入・生活費を一覧に。
将来の教育費や修繕費も確認。
不安は早めに専門家へ相談しましょう。

#住宅ローン #住宅ローン審査 #マイホーム #住宅購入 #資金計画 #家計見直し

詳しくは公式LINEまでご相談ください。",planned,
2026-10-06-10-Instagram,2026-10-06T10:00:00+09:00,Instagram,https://raw.githubusercontent.com/sodagrand0301-afk/grand-ideal-sns-auto-post/main/2026-10-06_1000_oct_06_01.png,"支払いの遅れについて、まず確認したいこと。

住宅ローン審査で確認したいポイントを整理します。

確認したいのは、①遅れた時期 ②対象の支払い ③現在の状況です。
借りられる額や目先の数字だけで決めず、購入後の家計も含めて整理しましょう。条件や制度は最新の公式情報を確認し、個別の審査結果を断定しないことが大切です。

借りられる額と返せる額は別です。
収入・借入・生活費を一覧に。
将来の教育費や修繕費も確認。
不安は早めに専門家へ相談しましょう。

#住宅ローン #住宅ローン審査 #マイホーム #住宅購入 #資金計画 #家計見直し

詳しくは公式LINEまでご相談ください。",planned,
2026-10-06-14-Instagram,2026-10-06T14:00:00+09:00,Instagram,https://raw.githubusercontent.com/sodagrand0301-afk/grand-ideal-sns-auto-post/main/2026-10-06_1400_oct_06_02.png,"支払いの遅れについて、事実を整理して相談。

住宅ローン審査で確認したいポイントを整理します。

確認したいのは、①遅れた時期 ②対象の支払い ③現在の状況です。
借りられる額や目先の数字だけで決めず、購入後の家計も含めて整理しましょう。条件や制度は最新の公式情報を確認し、個別の審査結果を断定しないことが大切です。

借りられる額と返せる額は別です。
収入・借入・生活費を一覧に。
将来の教育費や修繕費も確認。
不安は早めに専門家へ相談しましょう。

#住宅ローン #住宅ローン審査 #マイホーム #住宅購入 #資金計画 #家計見直し

詳しくは公式LINEまでご相談ください。",planned,
2026-10-06-18-Instagram,2026-10-06T18:00:00+09:00,Instagram,https://raw.githubusercontent.com/sodagrand0301-afk/grand-ideal-sns-auto-post/main/2026-10-06_1800_oct_06_03.png,"支払いの遅れについて、無理な判断をしない。

住宅ローン審査で確認したいポイントを整理します。

確認したいのは、①遅れた時期 ②対象の支払い ③現在の状況です。
借りられる額や目先の数字だけで決めず、購入後の家計も含めて整理しましょう。条件や制度は最新の公式情報を確認し、個別の審査結果を断定しないことが大切です。

借りられる額と返せる額は別です。
収入・借入・生活費を一覧に。
将来の教育費や修繕費も確認。
不安は早めに専門家へ相談しましょう。

#住宅ローン #住宅ローン審査 #マイホーム #住宅購入 #資金計画 #家計見直し

詳しくは公式LINEまでご相談ください。",planned,
2026-10-07-10-Instagram,2026-10-07T10:00:00+09:00,Instagram,https://raw.githubusercontent.com/sodagrand0301-afk/grand-ideal-sns-auto-post/main/2026-10-07_1000_oct_07_01.png,"信用情報について、確認する意味。

住宅ローン審査で確認したいポイントを整理します。

確認したいのは、①登録内容 ②登録期間 ③訂正手続きです。
借りられる額や目先の数字だけで決めず、購入後の家計も含めて整理しましょう。条件や制度は最新の公式情報を確認し、個別の審査結果を断定しないことが大切です。

借りられる額と返せる額は別です。
収入・借入・生活費を一覧に。
将来の教育費や修繕費も確認。
不安は早めに専門家へ相談しましょう。

#住宅ローン #住宅ローン審査 #マイホーム #住宅購入 #資金計画 #家計見直し

詳しくは公式LINEまでご相談ください。",planned,
2026-10-07-14-Instagram,2026-10-07T14:00:00+09:00,Instagram,https://raw.githubusercontent.com/sodagrand0301-afk/grand-ideal-sns-auto-post/main/2026-10-07_1400_oct_07_02.png,"信用情報について、記載内容を整理。

住宅ローン審査で確認したいポイントを整理します。

確認したいのは、①登録内容 ②登録期間 ③訂正手続きです。
借りられる額や目先の数字だけで決めず、購入後の家計も含めて整理しましょう。条件や制度は最新の公式情報を確認し、個別の審査結果を断定しないことが大切です。

借りられる額と返せる額は別です。
収入・借入・生活費を一覧に。
将来の教育費や修繕費も確認。
不安は早めに専門家へ相談しましょう。

#住宅ローン #住宅ローン審査 #マイホーム #住宅購入 #資金計画 #家計見直し

詳しくは公式LINEまでご相談ください。",planned,
2026-10-07-18-Instagram,2026-10-07T18:00:00+09:00,Instagram,https://raw.githubusercontent.com/sodagrand0301-afk/grand-ideal-sns-auto-post/main/2026-10-07_1800_oct_07_03.png,"信用情報について、最新情報を確認する。

住宅ローン審査で確認したいポイントを整理します。

確認したいのは、①登録内容 ②登録期間 ③訂正手続きです。
借りられる額や目先の数字だけで決めず、購入後の家計も含めて整理しましょう。条件や制度は最新の公式情報を確認し、個別の審査結果を断定しないことが大切です。

借りられる額と返せる額は別です。
収入・借入・生活費を一覧に。
将来の教育費や修繕費も確認。
不安は早めに専門家へ相談しましょう。

#住宅ローン #住宅ローン審査 #マイホーム #住宅購入 #資金計画 #家計見直し

詳しくは公式LINEまでご相談ください。",planned,
2026-10-08-10-Instagram,2026-10-08T10:00:00+09:00,Instagram,2026-10-08_1000_10月用_08_01.png,"団体信用生命保険について、住宅購入前に確認したいポイントです。

今回は「知らないと損すること」をテーマに、確認したい項目を整理します。
・保障の範囲
・加入条件
・保険料の扱い

借りられる額と、無理なく返せる額は同じとは限りません。
収入・借入・生活費・将来の支出を整理し、購入後も安心できる計画を考えましょう。
グランイデアルでは、状況に合わせて住宅ローンの考え方を一緒に整理します。

#住宅ローン #住宅ローン審査 #マイホーム #住宅購入 #資金計画 #グランイデアル

詳しくは公式LINEまでご相談ください。",planned,
2026-10-08-14-Instagram,2026-10-08T14:00:00+09:00,Instagram,2026-10-08_1400_10月用_08_02.png,"住宅ローン審査は、条件だけでなく家計全体とのバランスが大切です。

今回は「審査前に準備すること」をテーマに、確認したい項目を整理します。
・借入残高
・返済負担率
・信用情報

借りられる額と、無理なく返せる額は同じとは限りません。
収入・借入・生活費・将来の支出を整理し、購入後も安心できる計画を考えましょう。
グランイデアルでは、状況に合わせて住宅ローンの考え方を一緒に整理します。

#住宅ローン #住宅ローン審査 #マイホーム #住宅購入 #資金計画 #グランイデアル

詳しくは公式LINEまでご相談ください。",planned,
2026-10-08-18-Instagram,2026-10-08T18:00:00+09:00,Instagram,2026-10-08_1800_10月用_08_03.png,"年収を見落とすと、あとから返済計画の見直しが必要になることがあります。

今回は「借入前のチェックポイント」をテーマに、確認したい項目を整理します。
・税込年収
・他の借入
・返済比率

借りられる額と、無理なく返せる額は同じとは限りません。
収入・借入・生活費・将来の支出を整理し、購入後も安心できる計画を考えましょう。
グランイデアルでは、状況に合わせて住宅ローンの考え方を一緒に整理します。

#住宅ローン #住宅ローン審査 #マイホーム #住宅購入 #資金計画 #グランイデアル

詳しくは公式LINEまでご相談ください。",planned,
2026-10-09-10-Instagram,2026-10-09T10:00:00+09:00,Instagram,2026-10-09_1000_10月用_09_01.png,"勤続年数について、住宅購入前に確認したいポイントです。

今回は「返済計画で注意すること」をテーマに、確認したい項目を整理します。
・勤務年数
・雇用形態
・収入の安定性

借りられる額と、無理なく返せる額は同じとは限りません。
収入・借入・生活費・将来の支出を整理し、購入後も安心できる計画を考えましょう。
グランイデアルでは、状況に合わせて住宅ローンの考え方を一緒に整理します。

#住宅ローン #住宅ローン審査 #マイホーム #住宅購入 #資金計画 #グランイデアル

詳しくは公式LINEまでご相談ください。",planned,
2026-10-09-14-Instagram,2026-10-09T14:00:00+09:00,Instagram,2026-10-09_1400_10月用_09_02.png,"自営業は、条件だけでなく家計全体とのバランスが大切です。

今回は「よくある失敗例」をテーマに、確認したい項目を整理します。
・事業年数
・確定申告
・所得の見られ方

借りられる額と、無理なく返せる額は同じとは限りません。
収入・借入・生活費・将来の支出を整理し、購入後も安心できる計画を考えましょう。
グランイデアルでは、状況に合わせて住宅ローンの考え方を一緒に整理します。

#住宅ローン #住宅ローン審査 #マイホーム #住宅購入 #資金計画 #グランイデアル

詳しくは公式LINEまでご相談ください。",planned,
2026-10-09-18-Instagram,2026-10-09T18:00:00+09:00,Instagram,2026-10-09_1800_10月用_09_03.png,"転職を見落とすと、あとから返済計画の見直しが必要になることがあります。

今回は「専門家に相談する前に」をテーマに、確認したい項目を整理します。
・転職時期
・勤続期間
・収入証明

借りられる額と、無理なく返せる額は同じとは限りません。
収入・借入・生活費・将来の支出を整理し、購入後も安心できる計画を考えましょう。
グランイデアルでは、状況に合わせて住宅ローンの考え方を一緒に整理します。

#住宅ローン #住宅ローン審査 #マイホーム #住宅購入 #資金計画 #グランイデアル

詳しくは公式LINEまでご相談ください。",planned,
2026-10-10-10-Instagram,2026-10-10T10:00:00+09:00,Instagram,2026-10-10_1000_10月用_10_01.png,"車ローンについて、住宅購入前に確認したいポイントです。

今回は「知らないと損すること」をテーマに、確認したい項目を整理します。
・残債額
・返済期間
・借入件数

借りられる額と、無理なく返せる額は同じとは限りません。
収入・借入・生活費・将来の支出を整理し、購入後も安心できる計画を考えましょう。
グランイデアルでは、状況に合わせて住宅ローンの考え方を一緒に整理します。

#住宅ローン #住宅ローン審査 #マイホーム #住宅購入 #資金計画 #グランイデアル

詳しくは公式LINEまでご相談ください。",planned,
2026-10-10-14-Instagram,2026-10-10T14:00:00+09:00,Instagram,2026-10-10_1400_10月用_10_02.png,"カードローンは、条件だけでなく家計全体とのバランスが大切です。

今回は「審査前に準備すること」をテーマに、確認したい項目を整理します。
・利用残高
・支払遅延
・解約履歴

借りられる額と、無理なく返せる額は同じとは限りません。
収入・借入・生活費・将来の支出を整理し、購入後も安心できる計画を考えましょう。
グランイデアルでは、状況に合わせて住宅ローンの考え方を一緒に整理します。

#住宅ローン #住宅ローン審査 #マイホーム #住宅購入 #資金計画 #グランイデアル

詳しくは公式LINEまでご相談ください。",planned,
2026-10-10-18-Instagram,2026-10-10T18:00:00+09:00,Instagram,2026-10-10_1800_10月用_10_03.png,"奨学金を見落とすと、あとから返済計画の見直しが必要になることがあります。

今回は「借入前のチェックポイント」をテーマに、確認したい項目を整理します。
・返済額
・残りの期間
・審査への影響

借りられる額と、無理なく返せる額は同じとは限りません。
収入・借入・生活費・将来の支出を整理し、購入後も安心できる計画を考えましょう。
グランイデアルでは、状況に合わせて住宅ローンの考え方を一緒に整理します。

#住宅ローン #住宅ローン審査 #マイホーム #住宅購入 #資金計画 #グランイデアル

詳しくは公式LINEまでご相談ください。",planned,
2026-10-11-10-Instagram,2026-10-11T10:00:00+09:00,Instagram,2026-10-11_1000_10月用_11_01.png,"収入合算について、住宅購入前に確認したいポイントです。

今回は「返済計画で注意すること」をテーマに、確認したい項目を整理します。
・収入の合算
・持分割合
・返済分担

借りられる額と、無理なく返せる額は同じとは限りません。
収入・借入・生活費・将来の支出を整理し、購入後も安心できる計画を考えましょう。
グランイデアルでは、状況に合わせて住宅ローンの考え方を一緒に整理します。

#住宅ローン #住宅ローン審査 #マイホーム #住宅購入 #資金計画 #グランイデアル

詳しくは公式LINEまでご相談ください。",planned,
2026-10-11-14-Instagram,2026-10-11T14:00:00+09:00,Instagram,2026-10-11_1400_10月用_11_02.png,"ペアローンは、条件だけでなく家計全体とのバランスが大切です。

今回は「よくある失敗例」をテーマに、確認したい項目を整理します。
・契約条件
・収入の差
・将来のリスク

借りられる額と、無理なく返せる額は同じとは限りません。
収入・借入・生活費・将来の支出を整理し、購入後も安心できる計画を考えましょう。
グランイデアルでは、状況に合わせて住宅ローンの考え方を一緒に整理します。

#住宅ローン #住宅ローン審査 #マイホーム #住宅購入 #資金計画 #グランイデアル

詳しくは公式LINEまでご相談ください。",planned,
2026-10-11-18-Instagram,2026-10-11T18:00:00+09:00,Instagram,2026-10-11_1800_10月用_11_03.png,"フラット35を見落とすと、あとから返済計画の見直しが必要になることがあります。

今回は「専門家に相談する前に」をテーマに、確認したい項目を整理します。
・金利タイプ
・借入期間
・団信の条件

借りられる額と、無理なく返せる額は同じとは限りません。
収入・借入・生活費・将来の支出を整理し、購入後も安心できる計画を考えましょう。
グランイデアルでは、状況に合わせて住宅ローンの考え方を一緒に整理します。

#住宅ローン #住宅ローン審査 #マイホーム #住宅購入 #資金計画 #グランイデアル

詳しくは公式LINEまでご相談ください。",planned,
2026-10-12-10-Instagram,2026-10-12T10:00:00+09:00,Instagram,2026-10-12_1000_10月用_12_01.png,"団体信用生命保険について、住宅購入前に確認したいポイントです。

今回は「知らないと損すること」をテーマに、確認したい項目を整理します。
・保障の範囲
・加入条件
・保険料の扱い

借りられる額と、無理なく返せる額は同じとは限りません。
収入・借入・生活費・将来の支出を整理し、購入後も安心できる計画を考えましょう。
グランイデアルでは、状況に合わせて住宅ローンの考え方を一緒に整理します。

#住宅ローン #住宅ローン審査 #マイホーム #住宅購入 #資金計画 #グランイデアル

詳しくは公式LINEまでご相談ください。",planned,
2026-10-12-14-Instagram,2026-10-12T14:00:00+09:00,Instagram,2026-10-12_1400_10月用_12_02.png,"住宅ローン審査は、条件だけでなく家計全体とのバランスが大切です。

今回は「審査前に準備すること」をテーマに、確認したい項目を整理します。
・借入残高
・返済負担率
・信用情報

借りられる額と、無理なく返せる額は同じとは限りません。
収入・借入・生活費・将来の支出を整理し、購入後も安心できる計画を考えましょう。
グランイデアルでは、状況に合わせて住宅ローンの考え方を一緒に整理します。

#住宅ローン #住宅ローン審査 #マイホーム #住宅購入 #資金計画 #グランイデアル

詳しくは公式LINEまでご相談ください。",planned,
2026-10-12-18-Instagram,2026-10-12T18:00:00+09:00,Instagram,2026-10-12_1800_10月用_12_03.png,"年収を見落とすと、あとから返済計画の見直しが必要になることがあります。

今回は「借入前のチェックポイント」をテーマに、確認したい項目を整理します。
・税込年収
・他の借入
・返済比率

借りられる額と、無理なく返せる額は同じとは限りません。
収入・借入・生活費・将来の支出を整理し、購入後も安心できる計画を考えましょう。
グランイデアルでは、状況に合わせて住宅ローンの考え方を一緒に整理します。

#住宅ローン #住宅ローン審査 #マイホーム #住宅購入 #資金計画 #グランイデアル

詳しくは公式LINEまでご相談ください。",planned,
2026-10-13-10-Instagram,2026-10-13T10:00:00+09:00,Instagram,2026-10-13_1000_10月用_13_01.png,"勤続年数について、住宅購入前に確認したいポイントです。

今回は「返済計画で注意すること」をテーマに、確認したい項目を整理します。
・勤務年数
・雇用形態
・収入の安定性

借りられる額と、無理なく返せる額は同じとは限りません。
収入・借入・生活費・将来の支出を整理し、購入後も安心できる計画を考えましょう。
グランイデアルでは、状況に合わせて住宅ローンの考え方を一緒に整理します。

#住宅ローン #住宅ローン審査 #マイホーム #住宅購入 #資金計画 #グランイデアル

詳しくは公式LINEまでご相談ください。",planned,
2026-10-13-14-Instagram,2026-10-13T14:00:00+09:00,Instagram,2026-10-13_1400_10月用_13_02.png,"自営業は、条件だけでなく家計全体とのバランスが大切です。

今回は「よくある失敗例」をテーマに、確認したい項目を整理します。
・事業年数
・確定申告
・所得の見られ方

借りられる額と、無理なく返せる額は同じとは限りません。
収入・借入・生活費・将来の支出を整理し、購入後も安心できる計画を考えましょう。
グランイデアルでは、状況に合わせて住宅ローンの考え方を一緒に整理します。

#住宅ローン #住宅ローン審査 #マイホーム #住宅購入 #資金計画 #グランイデアル

詳しくは公式LINEまでご相談ください。",planned,
2026-10-13-18-Instagram,2026-10-13T18:00:00+09:00,Instagram,2026-10-13_1800_10月用_13_03.png,"転職を見落とすと、あとから返済計画の見直しが必要になることがあります。

今回は「専門家に相談する前に」をテーマに、確認したい項目を整理します。
・転職時期
・勤続期間
・収入証明

借りられる額と、無理なく返せる額は同じとは限りません。
収入・借入・生活費・将来の支出を整理し、購入後も安心できる計画を考えましょう。
グランイデアルでは、状況に合わせて住宅ローンの考え方を一緒に整理します。

#住宅ローン #住宅ローン審査 #マイホーム #住宅購入 #資金計画 #グランイデアル

詳しくは公式LINEまでご相談ください。",planned,
2026-10-14-10-Instagram,2026-10-14T10:00:00+09:00,Instagram,2026-10-14_1000_10月用_14_01.png,"車ローンについて、住宅購入前に確認したいポイントです。

今回は「知らないと損すること」をテーマに、確認したい項目を整理します。
・残債額
・返済期間
・借入件数

借りられる額と、無理なく返せる額は同じとは限りません。
収入・借入・生活費・将来の支出を整理し、購入後も安心できる計画を考えましょう。
グランイデアルでは、状況に合わせて住宅ローンの考え方を一緒に整理します。

#住宅ローン #住宅ローン審査 #マイホーム #住宅購入 #資金計画 #グランイデアル

詳しくは公式LINEまでご相談ください。",planned,
2026-10-14-14-Instagram,2026-10-14T14:00:00+09:00,Instagram,2026-10-14_1400_10月用_14_02.png,"カードローンは、条件だけでなく家計全体とのバランスが大切です。

今回は「審査前に準備すること」をテーマに、確認したい項目を整理します。
・利用残高
・支払遅延
・解約履歴

借りられる額と、無理なく返せる額は同じとは限りません。
収入・借入・生活費・将来の支出を整理し、購入後も安心できる計画を考えましょう。
グランイデアルでは、状況に合わせて住宅ローンの考え方を一緒に整理します。

#住宅ローン #住宅ローン審査 #マイホーム #住宅購入 #資金計画 #グランイデアル

詳しくは公式LINEまでご相談ください。",planned,
2026-10-14-18-Instagram,2026-10-14T18:00:00+09:00,Instagram,2026-10-14_1800_10月用_14_03.png,"奨学金を見落とすと、あとから返済計画の見直しが必要になることがあります。

今回は「借入前のチェックポイント」をテーマに、確認したい項目を整理します。
・返済額
・残りの期間
・審査への影響

借りられる額と、無理なく返せる額は同じとは限りません。
収入・借入・生活費・将来の支出を整理し、購入後も安心できる計画を考えましょう。
グランイデアルでは、状況に合わせて住宅ローンの考え方を一緒に整理します。

#住宅ローン #住宅ローン審査 #マイホーム #住宅購入 #資金計画 #グランイデアル

詳しくは公式LINEまでご相談ください。",planned,
2026-10-15-10-Instagram,2026-10-15T10:00:00+09:00,Instagram,2026-10-15_1000_10月用_15_01.png,"収入合算について、住宅購入前に確認したいポイントです。

今回は「返済計画で注意すること」をテーマに、確認したい項目を整理します。
・収入の合算
・持分割合
・返済分担

借りられる額と、無理なく返せる額は同じとは限りません。
収入・借入・生活費・将来の支出を整理し、購入後も安心できる計画を考えましょう。
グランイデアルでは、状況に合わせて住宅ローンの考え方を一緒に整理します。

#住宅ローン #住宅ローン審査 #マイホーム #住宅購入 #資金計画 #グランイデアル

詳しくは公式LINEまでご相談ください。",planned,
2026-10-15-14-Instagram,2026-10-15T14:00:00+09:00,Instagram,2026-10-15_1400_10月用_15_02.png,"ペアローンは、条件だけでなく家計全体とのバランスが大切です。

今回は「よくある失敗例」をテーマに、確認したい項目を整理します。
・契約条件
・収入の差
・将来のリスク

借りられる額と、無理なく返せる額は同じとは限りません。
収入・借入・生活費・将来の支出を整理し、購入後も安心できる計画を考えましょう。
グランイデアルでは、状況に合わせて住宅ローンの考え方を一緒に整理します。

#住宅ローン #住宅ローン審査 #マイホーム #住宅購入 #資金計画 #グランイデアル

詳しくは公式LINEまでご相談ください。",planned,
2026-10-15-18-Instagram,2026-10-15T18:00:00+09:00,Instagram,2026-10-15_1800_10月用_15_03.png,"フラット35を見落とすと、あとから返済計画の見直しが必要になることがあります。

今回は「専門家に相談する前に」をテーマに、確認したい項目を整理します。
・金利タイプ
・借入期間
・団信の条件

借りられる額と、無理なく返せる額は同じとは限りません。
収入・借入・生活費・将来の支出を整理し、購入後も安心できる計画を考えましょう。
グランイデアルでは、状況に合わせて住宅ローンの考え方を一緒に整理します。

#住宅ローン #住宅ローン審査 #マイホーム #住宅購入 #資金計画 #グランイデアル

詳しくは公式LINEまでご相談ください。",planned,
2026-10-16-10-Instagram,2026-10-16T10:00:00+09:00,Instagram,2026-10-16_1000_10月用_16_01.png,"団体信用生命保険について、住宅購入前に確認したいポイントです。

今回は「知らないと損すること」をテーマに、確認したい項目を整理します。
・保障の範囲
・加入条件
・保険料の扱い

借りられる額と、無理なく返せる額は同じとは限りません。
収入・借入・生活費・将来の支出を整理し、購入後も安心できる計画を考えましょう。
グランイデアルでは、状況に合わせて住宅ローンの考え方を一緒に整理します。

#住宅ローン #住宅ローン審査 #マイホーム #住宅購入 #資金計画 #グランイデアル

詳しくは公式LINEまでご相談ください。",planned,
2026-10-16-14-Instagram,2026-10-16T14:00:00+09:00,Instagram,2026-10-16_1400_10月用_16_02.png,"住宅ローン審査は、条件だけでなく家計全体とのバランスが大切です。

今回は「審査前に準備すること」をテーマに、確認したい項目を整理します。
・借入残高
・返済負担率
・信用情報

借りられる額と、無理なく返せる額は同じとは限りません。
収入・借入・生活費・将来の支出を整理し、購入後も安心できる計画を考えましょう。
グランイデアルでは、状況に合わせて住宅ローンの考え方を一緒に整理します。

#住宅ローン #住宅ローン審査 #マイホーム #住宅購入 #資金計画 #グランイデアル

詳しくは公式LINEまでご相談ください。",planned,
2026-10-16-18-Instagram,2026-10-16T18:00:00+09:00,Instagram,2026-10-16_1800_10月用_16_03.png,"年収を見落とすと、あとから返済計画の見直しが必要になることがあります。

今回は「借入前のチェックポイント」をテーマに、確認したい項目を整理します。
・税込年収
・他の借入
・返済比率

借りられる額と、無理なく返せる額は同じとは限りません。
収入・借入・生活費・将来の支出を整理し、購入後も安心できる計画を考えましょう。
グランイデアルでは、状況に合わせて住宅ローンの考え方を一緒に整理します。

#住宅ローン #住宅ローン審査 #マイホーム #住宅購入 #資金計画 #グランイデアル

詳しくは公式LINEまでご相談ください。",planned,
2026-10-17-10-Instagram,2026-10-17T10:00:00+09:00,Instagram,2026-10-17_1000_10月用_17_01.png,"勤続年数について、住宅購入前に確認したいポイントです。

今回は「返済計画で注意すること」をテーマに、確認したい項目を整理します。
・勤務年数
・雇用形態
・収入の安定性

借りられる額と、無理なく返せる額は同じとは限りません。
収入・借入・生活費・将来の支出を整理し、購入後も安心できる計画を考えましょう。
グランイデアルでは、状況に合わせて住宅ローンの考え方を一緒に整理します。

#住宅ローン #住宅ローン審査 #マイホーム #住宅購入 #資金計画 #グランイデアル

詳しくは公式LINEまでご相談ください。",planned,
2026-10-17-14-Instagram,2026-10-17T14:00:00+09:00,Instagram,2026-10-17_1400_10月用_17_02.png,"自営業は、条件だけでなく家計全体とのバランスが大切です。

今回は「よくある失敗例」をテーマに、確認したい項目を整理します。
・事業年数
・確定申告
・所得の見られ方

借りられる額と、無理なく返せる額は同じとは限りません。
収入・借入・生活費・将来の支出を整理し、購入後も安心できる計画を考えましょう。
グランイデアルでは、状況に合わせて住宅ローンの考え方を一緒に整理します。

#住宅ローン #住宅ローン審査 #マイホーム #住宅購入 #資金計画 #グランイデアル

詳しくは公式LINEまでご相談ください。",planned,
2026-10-17-18-Instagram,2026-10-17T18:00:00+09:00,Instagram,2026-10-17_1800_10月用_17_03.png,"転職を見落とすと、あとから返済計画の見直しが必要になることがあります。

今回は「専門家に相談する前に」をテーマに、確認したい項目を整理します。
・転職時期
・勤続期間
・収入証明

借りられる額と、無理なく返せる額は同じとは限りません。
収入・借入・生活費・将来の支出を整理し、購入後も安心できる計画を考えましょう。
グランイデアルでは、状況に合わせて住宅ローンの考え方を一緒に整理します。

#住宅ローン #住宅ローン審査 #マイホーム #住宅購入 #資金計画 #グランイデアル

詳しくは公式LINEまでご相談ください。",planned,
2026-10-18-10-Instagram,2026-10-18T10:00:00+09:00,Instagram,2026-10-18_1000_10月用_18_01.png,"車ローンについて、住宅購入前に確認したいポイントです。

今回は「知らないと損すること」をテーマに、確認したい項目を整理します。
・残債額
・返済期間
・借入件数

借りられる額と、無理なく返せる額は同じとは限りません。
収入・借入・生活費・将来の支出を整理し、購入後も安心できる計画を考えましょう。
グランイデアルでは、状況に合わせて住宅ローンの考え方を一緒に整理します。

#住宅ローン #住宅ローン審査 #マイホーム #住宅購入 #資金計画 #グランイデアル

詳しくは公式LINEまでご相談ください。",planned,
2026-10-18-14-Instagram,2026-10-18T14:00:00+09:00,Instagram,2026-10-18_1400_10月用_18_02.png,"カードローンは、条件だけでなく家計全体とのバランスが大切です。

今回は「審査前に準備すること」をテーマに、確認したい項目を整理します。
・利用残高
・支払遅延
・解約履歴

借りられる額と、無理なく返せる額は同じとは限りません。
収入・借入・生活費・将来の支出を整理し、購入後も安心できる計画を考えましょう。
グランイデアルでは、状況に合わせて住宅ローンの考え方を一緒に整理します。

#住宅ローン #住宅ローン審査 #マイホーム #住宅購入 #資金計画 #グランイデアル

詳しくは公式LINEまでご相談ください。",planned,
2026-10-18-18-Instagram,2026-10-18T18:00:00+09:00,Instagram,2026-10-18_1800_10月用_18_03.png,"奨学金を見落とすと、あとから返済計画の見直しが必要になることがあります。

今回は「借入前のチェックポイント」をテーマに、確認したい項目を整理します。
・返済額
・残りの期間
・審査への影響

借りられる額と、無理なく返せる額は同じとは限りません。
収入・借入・生活費・将来の支出を整理し、購入後も安心できる計画を考えましょう。
グランイデアルでは、状況に合わせて住宅ローンの考え方を一緒に整理します。

#住宅ローン #住宅ローン審査 #マイホーム #住宅購入 #資金計画 #グランイデアル

詳しくは公式LINEまでご相談ください。",planned,
2026-10-19-10-Instagram,2026-10-19T10:00:00+09:00,Instagram,2026-10-19_1000_10月用_19_01.png,"収入合算について、住宅購入前に確認したいポイントです。

今回は「返済計画で注意すること」をテーマに、確認したい項目を整理します。
・収入の合算
・持分割合
・返済分担

借りられる額と、無理なく返せる額は同じとは限りません。
収入・借入・生活費・将来の支出を整理し、購入後も安心できる計画を考えましょう。
グランイデアルでは、状況に合わせて住宅ローンの考え方を一緒に整理します。

#住宅ローン #住宅ローン審査 #マイホーム #住宅購入 #資金計画 #グランイデアル

詳しくは公式LINEまでご相談ください。",planned,
2026-10-19-14-Instagram,2026-10-19T14:00:00+09:00,Instagram,2026-10-19_1400_10月用_19_02.png,"ペアローンは、条件だけでなく家計全体とのバランスが大切です。

今回は「よくある失敗例」をテーマに、確認したい項目を整理します。
・契約条件
・収入の差
・将来のリスク

借りられる額と、無理なく返せる額は同じとは限りません。
収入・借入・生活費・将来の支出を整理し、購入後も安心できる計画を考えましょう。
グランイデアルでは、状況に合わせて住宅ローンの考え方を一緒に整理します。

#住宅ローン #住宅ローン審査 #マイホーム #住宅購入 #資金計画 #グランイデアル

詳しくは公式LINEまでご相談ください。",planned,
2026-10-19-18-Instagram,2026-10-19T18:00:00+09:00,Instagram,2026-10-19_1800_10月用_19_03.png,"フラット35を見落とすと、あとから返済計画の見直しが必要になることがあります。

今回は「専門家に相談する前に」をテーマに、確認したい項目を整理します。
・金利タイプ
・借入期間
・団信の条件

借りられる額と、無理なく返せる額は同じとは限りません。
収入・借入・生活費・将来の支出を整理し、購入後も安心できる計画を考えましょう。
グランイデアルでは、状況に合わせて住宅ローンの考え方を一緒に整理します。

#住宅ローン #住宅ローン審査 #マイホーム #住宅購入 #資金計画 #グランイデアル

詳しくは公式LINEまでご相談ください。",planned,
2026-10-20-10-Instagram,2026-10-20T10:00:00+09:00,Instagram,2026-10-20_1000_10月用_20_01.png,"団体信用生命保険について、住宅購入前に確認したいポイントです。

今回は「知らないと損すること」をテーマに、確認したい項目を整理します。
・保障の範囲
・加入条件
・保険料の扱い

借りられる額と、無理なく返せる額は同じとは限りません。
収入・借入・生活費・将来の支出を整理し、購入後も安心できる計画を考えましょう。
グランイデアルでは、状況に合わせて住宅ローンの考え方を一緒に整理します。

#住宅ローン #住宅ローン審査 #マイホーム #住宅購入 #資金計画 #グランイデアル

詳しくは公式LINEまでご相談ください。",planned,
2026-10-20-14-Instagram,2026-10-20T14:00:00+09:00,Instagram,2026-10-20_1400_10月用_20_02.png,"住宅ローン審査は、条件だけでなく家計全体とのバランスが大切です。

今回は「審査前に準備すること」をテーマに、確認したい項目を整理します。
・借入残高
・返済負担率
・信用情報

借りられる額と、無理なく返せる額は同じとは限りません。
収入・借入・生活費・将来の支出を整理し、購入後も安心できる計画を考えましょう。
グランイデアルでは、状況に合わせて住宅ローンの考え方を一緒に整理します。

#住宅ローン #住宅ローン審査 #マイホーム #住宅購入 #資金計画 #グランイデアル

詳しくは公式LINEまでご相談ください。",planned,
2026-10-20-18-Instagram,2026-10-20T18:00:00+09:00,Instagram,2026-10-20_1800_10月用_20_03.png,"年収を見落とすと、あとから返済計画の見直しが必要になることがあります。

今回は「借入前のチェックポイント」をテーマに、確認したい項目を整理します。
・税込年収
・他の借入
・返済比率

借りられる額と、無理なく返せる額は同じとは限りません。
収入・借入・生活費・将来の支出を整理し、購入後も安心できる計画を考えましょう。
グランイデアルでは、状況に合わせて住宅ローンの考え方を一緒に整理します。

#住宅ローン #住宅ローン審査 #マイホーム #住宅購入 #資金計画 #グランイデアル

詳しくは公式LINEまでご相談ください。",planned,
2026-10-21-10-Instagram,2026-10-21T10:00:00+09:00,Instagram,2026-10-21_1000_10月用_21_01.png,"勤続年数について、住宅購入前に確認したいポイントです。

今回は「返済計画で注意すること」をテーマに、確認したい項目を整理します。
・勤務年数
・雇用形態
・収入の安定性

借りられる額と、無理なく返せる額は同じとは限りません。
収入・借入・生活費・将来の支出を整理し、購入後も安心できる計画を考えましょう。
グランイデアルでは、状況に合わせて住宅ローンの考え方を一緒に整理します。

#住宅ローン #住宅ローン審査 #マイホーム #住宅購入 #資金計画 #グランイデアル

詳しくは公式LINEまでご相談ください。",planned,
2026-10-21-14-Instagram,2026-10-21T14:00:00+09:00,Instagram,2026-10-21_1400_10月用_21_02.png,"自営業は、条件だけでなく家計全体とのバランスが大切です。

今回は「よくある失敗例」をテーマに、確認したい項目を整理します。
・事業年数
・確定申告
・所得の見られ方

借りられる額と、無理なく返せる額は同じとは限りません。
収入・借入・生活費・将来の支出を整理し、購入後も安心できる計画を考えましょう。
グランイデアルでは、状況に合わせて住宅ローンの考え方を一緒に整理します。

#住宅ローン #住宅ローン審査 #マイホーム #住宅購入 #資金計画 #グランイデアル

詳しくは公式LINEまでご相談ください。",planned,
2026-10-21-18-Instagram,2026-10-21T18:00:00+09:00,Instagram,2026-10-21_1800_10月用_21_03.png,"転職を見落とすと、あとから返済計画の見直しが必要になることがあります。

今回は「専門家に相談する前に」をテーマに、確認したい項目を整理します。
・転職時期
・勤続期間
・収入証明

借りられる額と、無理なく返せる額は同じとは限りません。
収入・借入・生活費・将来の支出を整理し、購入後も安心できる計画を考えましょう。
グランイデアルでは、状況に合わせて住宅ローンの考え方を一緒に整理します。

#住宅ローン #住宅ローン審査 #マイホーム #住宅購入 #資金計画 #グランイデアル

詳しくは公式LINEまでご相談ください。",planned,
2026-10-22-10-Instagram,2026-10-22T10:00:00+09:00,Instagram,2026-10-22_1000_10月用_22_01.png,"車ローンについて、住宅購入前に確認したいポイントです。

今回は「知らないと損すること」をテーマに、確認したい項目を整理します。
・残債額
・返済期間
・借入件数

借りられる額と、無理なく返せる額は同じとは限りません。
収入・借入・生活費・将来の支出を整理し、購入後も安心できる計画を考えましょう。
グランイデアルでは、状況に合わせて住宅ローンの考え方を一緒に整理します。

#住宅ローン #住宅ローン審査 #マイホーム #住宅購入 #資金計画 #グランイデアル

詳しくは公式LINEまでご相談ください。",planned,
2026-10-22-14-Instagram,2026-10-22T14:00:00+09:00,Instagram,2026-10-22_1400_10月用_22_02.png,"カードローンは、条件だけでなく家計全体とのバランスが大切です。

今回は「審査前に準備すること」をテーマに、確認したい項目を整理します。
・利用残高
・支払遅延
・解約履歴

借りられる額と、無理なく返せる額は同じとは限りません。
収入・借入・生活費・将来の支出を整理し、購入後も安心できる計画を考えましょう。
グランイデアルでは、状況に合わせて住宅ローンの考え方を一緒に整理します。

#住宅ローン #住宅ローン審査 #マイホーム #住宅購入 #資金計画 #グランイデアル

詳しくは公式LINEまでご相談ください。",planned,
2026-10-22-18-Instagram,2026-10-22T18:00:00+09:00,Instagram,2026-10-22_1800_10月用_22_03.png,"奨学金を見落とすと、あとから返済計画の見直しが必要になることがあります。

今回は「借入前のチェックポイント」をテーマに、確認したい項目を整理します。
・返済額
・残りの期間
・審査への影響

借りられる額と、無理なく返せる額は同じとは限りません。
収入・借入・生活費・将来の支出を整理し、購入後も安心できる計画を考えましょう。
グランイデアルでは、状況に合わせて住宅ローンの考え方を一緒に整理します。

#住宅ローン #住宅ローン審査 #マイホーム #住宅購入 #資金計画 #グランイデアル

詳しくは公式LINEまでご相談ください。",planned,
2026-10-23-10-Instagram,2026-10-23T10:00:00+09:00,Instagram,2026-10-23_1000_10月用_23_01.png,"収入合算について、住宅購入前に確認したいポイントです。

今回は「返済計画で注意すること」をテーマに、確認したい項目を整理します。
・収入の合算
・持分割合
・返済分担

借りられる額と、無理なく返せる額は同じとは限りません。
収入・借入・生活費・将来の支出を整理し、購入後も安心できる計画を考えましょう。
グランイデアルでは、状況に合わせて住宅ローンの考え方を一緒に整理します。

#住宅ローン #住宅ローン審査 #マイホーム #住宅購入 #資金計画 #グランイデアル

詳しくは公式LINEまでご相談ください。",planned,
2026-10-23-14-Instagram,2026-10-23T14:00:00+09:00,Instagram,2026-10-23_1400_10月用_23_02.png,"ペアローンは、条件だけでなく家計全体とのバランスが大切です。

今回は「よくある失敗例」をテーマに、確認したい項目を整理します。
・契約条件
・収入の差
・将来のリスク

借りられる額と、無理なく返せる額は同じとは限りません。
収入・借入・生活費・将来の支出を整理し、購入後も安心できる計画を考えましょう。
グランイデアルでは、状況に合わせて住宅ローンの考え方を一緒に整理します。

#住宅ローン #住宅ローン審査 #マイホーム #住宅購入 #資金計画 #グランイデアル

詳しくは公式LINEまでご相談ください。",planned,
2026-10-23-18-Instagram,2026-10-23T18:00:00+09:00,Instagram,2026-10-23_1800_10月用_23_03.png,"フラット35を見落とすと、あとから返済計画の見直しが必要になることがあります。

今回は「専門家に相談する前に」をテーマに、確認したい項目を整理します。
・金利タイプ
・借入期間
・団信の条件

借りられる額と、無理なく返せる額は同じとは限りません。
収入・借入・生活費・将来の支出を整理し、購入後も安心できる計画を考えましょう。
グランイデアルでは、状況に合わせて住宅ローンの考え方を一緒に整理します。

#住宅ローン #住宅ローン審査 #マイホーム #住宅購入 #資金計画 #グランイデアル

詳しくは公式LINEまでご相談ください。",planned,
2026-10-24-10-Instagram,2026-10-24T10:00:00+09:00,Instagram,2026-10-24_1000_10月用_24_01.png,"団体信用生命保険について、住宅購入前に確認したいポイントです。

今回は「知らないと損すること」をテーマに、確認したい項目を整理します。
・保障の範囲
・加入条件
・保険料の扱い

借りられる額と、無理なく返せる額は同じとは限りません。
収入・借入・生活費・将来の支出を整理し、購入後も安心できる計画を考えましょう。
グランイデアルでは、状況に合わせて住宅ローンの考え方を一緒に整理します。

#住宅ローン #住宅ローン審査 #マイホーム #住宅購入 #資金計画 #グランイデアル

詳しくは公式LINEまでご相談ください。",planned,
2026-10-24-14-Instagram,2026-10-24T14:00:00+09:00,Instagram,2026-10-24_1400_10月用_24_02.png,"住宅ローン審査は、条件だけでなく家計全体とのバランスが大切です。

今回は「審査前に準備すること」をテーマに、確認したい項目を整理します。
・借入残高
・返済負担率
・信用情報

借りられる額と、無理なく返せる額は同じとは限りません。
収入・借入・生活費・将来の支出を整理し、購入後も安心できる計画を考えましょう。
グランイデアルでは、状況に合わせて住宅ローンの考え方を一緒に整理します。

#住宅ローン #住宅ローン審査 #マイホーム #住宅購入 #資金計画 #グランイデアル

詳しくは公式LINEまでご相談ください。",planned,
2026-10-24-18-Instagram,2026-10-24T18:00:00+09:00,Instagram,2026-10-24_1800_10月用_24_03.png,"年収を見落とすと、あとから返済計画の見直しが必要になることがあります。

今回は「借入前のチェックポイント」をテーマに、確認したい項目を整理します。
・税込年収
・他の借入
・返済比率

借りられる額と、無理なく返せる額は同じとは限りません。
収入・借入・生活費・将来の支出を整理し、購入後も安心できる計画を考えましょう。
グランイデアルでは、状況に合わせて住宅ローンの考え方を一緒に整理します。

#住宅ローン #住宅ローン審査 #マイホーム #住宅購入 #資金計画 #グランイデアル

詳しくは公式LINEまでご相談ください。",planned,
2026-10-25-10-Instagram,2026-10-25T10:00:00+09:00,Instagram,2026-10-25_1000_10月用_25_01.png,"勤続年数について、住宅購入前に確認したいポイントです。

今回は「返済計画で注意すること」をテーマに、確認したい項目を整理します。
・勤務年数
・雇用形態
・収入の安定性

借りられる額と、無理なく返せる額は同じとは限りません。
収入・借入・生活費・将来の支出を整理し、購入後も安心できる計画を考えましょう。
グランイデアルでは、状況に合わせて住宅ローンの考え方を一緒に整理します。

#住宅ローン #住宅ローン審査 #マイホーム #住宅購入 #資金計画 #グランイデアル

詳しくは公式LINEまでご相談ください。",planned,
2026-10-25-14-Instagram,2026-10-25T14:00:00+09:00,Instagram,2026-10-25_1400_10月用_25_02.png,"自営業は、条件だけでなく家計全体とのバランスが大切です。

今回は「よくある失敗例」をテーマに、確認したい項目を整理します。
・事業年数
・確定申告
・所得の見られ方

借りられる額と、無理なく返せる額は同じとは限りません。
収入・借入・生活費・将来の支出を整理し、購入後も安心できる計画を考えましょう。
グランイデアルでは、状況に合わせて住宅ローンの考え方を一緒に整理します。

#住宅ローン #住宅ローン審査 #マイホーム #住宅購入 #資金計画 #グランイデアル

詳しくは公式LINEまでご相談ください。",planned,
2026-10-25-18-Instagram,2026-10-25T18:00:00+09:00,Instagram,2026-10-25_1800_10月用_25_03.png,"転職を見落とすと、あとから返済計画の見直しが必要になることがあります。

今回は「専門家に相談する前に」をテーマに、確認したい項目を整理します。
・転職時期
・勤続期間
・収入証明

借りられる額と、無理なく返せる額は同じとは限りません。
収入・借入・生活費・将来の支出を整理し、購入後も安心できる計画を考えましょう。
グランイデアルでは、状況に合わせて住宅ローンの考え方を一緒に整理します。

#住宅ローン #住宅ローン審査 #マイホーム #住宅購入 #資金計画 #グランイデアル

詳しくは公式LINEまでご相談ください。",planned,
2026-10-26-10-Instagram,2026-10-26T10:00:00+09:00,Instagram,2026-10-26_1000_10月用_26_01.png,"車ローンについて、住宅購入前に確認したいポイントです。

今回は「知らないと損すること」をテーマに、確認したい項目を整理します。
・残債額
・返済期間
・借入件数

借りられる額と、無理なく返せる額は同じとは限りません。
収入・借入・生活費・将来の支出を整理し、購入後も安心できる計画を考えましょう。
グランイデアルでは、状況に合わせて住宅ローンの考え方を一緒に整理します。

#住宅ローン #住宅ローン審査 #マイホーム #住宅購入 #資金計画 #グランイデアル

詳しくは公式LINEまでご相談ください。",planned,
2026-10-26-14-Instagram,2026-10-26T14:00:00+09:00,Instagram,2026-10-26_1400_10月用_26_02.png,"カードローンは、条件だけでなく家計全体とのバランスが大切です。

今回は「審査前に準備すること」をテーマに、確認したい項目を整理します。
・利用残高
・支払遅延
・解約履歴

借りられる額と、無理なく返せる額は同じとは限りません。
収入・借入・生活費・将来の支出を整理し、購入後も安心できる計画を考えましょう。
グランイデアルでは、状況に合わせて住宅ローンの考え方を一緒に整理します。

#住宅ローン #住宅ローン審査 #マイホーム #住宅購入 #資金計画 #グランイデアル

詳しくは公式LINEまでご相談ください。",planned,
2026-10-26-18-Instagram,2026-10-26T18:00:00+09:00,Instagram,2026-10-26_1800_10月用_26_03.png,"奨学金を見落とすと、あとから返済計画の見直しが必要になることがあります。

今回は「借入前のチェックポイント」をテーマに、確認したい項目を整理します。
・返済額
・残りの期間
・審査への影響

借りられる額と、無理なく返せる額は同じとは限りません。
収入・借入・生活費・将来の支出を整理し、購入後も安心できる計画を考えましょう。
グランイデアルでは、状況に合わせて住宅ローンの考え方を一緒に整理します。

#住宅ローン #住宅ローン審査 #マイホーム #住宅購入 #資金計画 #グランイデアル

詳しくは公式LINEまでご相談ください。",planned,
2026-10-27-10-Instagram,2026-10-27T10:00:00+09:00,Instagram,2026-10-27_1000_10月用_27_01.png,"収入合算について、住宅購入前に確認したいポイントです。

今回は「返済計画で注意すること」をテーマに、確認したい項目を整理します。
・収入の合算
・持分割合
・返済分担

借りられる額と、無理なく返せる額は同じとは限りません。
収入・借入・生活費・将来の支出を整理し、購入後も安心できる計画を考えましょう。
グランイデアルでは、状況に合わせて住宅ローンの考え方を一緒に整理します。

#住宅ローン #住宅ローン審査 #マイホーム #住宅購入 #資金計画 #グランイデアル

詳しくは公式LINEまでご相談ください。",planned,
2026-10-27-14-Instagram,2026-10-27T14:00:00+09:00,Instagram,2026-10-27_1400_10月用_27_02.png,"ペアローンは、条件だけでなく家計全体とのバランスが大切です。

今回は「よくある失敗例」をテーマに、確認したい項目を整理します。
・契約条件
・収入の差
・将来のリスク

借りられる額と、無理なく返せる額は同じとは限りません。
収入・借入・生活費・将来の支出を整理し、購入後も安心できる計画を考えましょう。
グランイデアルでは、状況に合わせて住宅ローンの考え方を一緒に整理します。

#住宅ローン #住宅ローン審査 #マイホーム #住宅購入 #資金計画 #グランイデアル

詳しくは公式LINEまでご相談ください。",planned,
2026-10-27-18-Instagram,2026-10-27T18:00:00+09:00,Instagram,2026-10-27_1800_10月用_27_03.png,"フラット35を見落とすと、あとから返済計画の見直しが必要になることがあります。

今回は「専門家に相談する前に」をテーマに、確認したい項目を整理します。
・金利タイプ
・借入期間
・団信の条件

借りられる額と、無理なく返せる額は同じとは限りません。
収入・借入・生活費・将来の支出を整理し、購入後も安心できる計画を考えましょう。
グランイデアルでは、状況に合わせて住宅ローンの考え方を一緒に整理します。

#住宅ローン #住宅ローン審査 #マイホーム #住宅購入 #資金計画 #グランイデアル

詳しくは公式LINEまでご相談ください。",planned,
2026-10-28-10-Instagram,2026-10-28T10:00:00+09:00,Instagram,2026-10-28_1000_10月用_28_01.png,"団体信用生命保険について、住宅購入前に確認したいポイントです。

今回は「知らないと損すること」をテーマに、確認したい項目を整理します。
・保障の範囲
・加入条件
・保険料の扱い

借りられる額と、無理なく返せる額は同じとは限りません。
収入・借入・生活費・将来の支出を整理し、購入後も安心できる計画を考えましょう。
グランイデアルでは、状況に合わせて住宅ローンの考え方を一緒に整理します。

#住宅ローン #住宅ローン審査 #マイホーム #住宅購入 #資金計画 #グランイデアル

詳しくは公式LINEまでご相談ください。",planned,
2026-10-28-14-Instagram,2026-10-28T14:00:00+09:00,Instagram,2026-10-28_1400_10月用_28_02.png,"住宅ローン審査は、条件だけでなく家計全体とのバランスが大切です。

今回は「審査前に準備すること」をテーマに、確認したい項目を整理します。
・借入残高
・返済負担率
・信用情報

借りられる額と、無理なく返せる額は同じとは限りません。
収入・借入・生活費・将来の支出を整理し、購入後も安心できる計画を考えましょう。
グランイデアルでは、状況に合わせて住宅ローンの考え方を一緒に整理します。

#住宅ローン #住宅ローン審査 #マイホーム #住宅購入 #資金計画 #グランイデアル

詳しくは公式LINEまでご相談ください。",planned,
2026-10-28-18-Instagram,2026-10-28T18:00:00+09:00,Instagram,2026-10-28_1800_10月用_28_03.png,"年収を見落とすと、あとから返済計画の見直しが必要になることがあります。

今回は「借入前のチェックポイント」をテーマに、確認したい項目を整理します。
・税込年収
・他の借入
・返済比率

借りられる額と、無理なく返せる額は同じとは限りません。
収入・借入・生活費・将来の支出を整理し、購入後も安心できる計画を考えましょう。
グランイデアルでは、状況に合わせて住宅ローンの考え方を一緒に整理します。

#住宅ローン #住宅ローン審査 #マイホーム #住宅購入 #資金計画 #グランイデアル

詳しくは公式LINEまでご相談ください。",planned,
2026-10-29-10-Instagram,2026-10-29T10:00:00+09:00,Instagram,2026-10-29_1000_10月用_29_01.png,"勤続年数について、住宅購入前に確認したいポイントです。

今回は「返済計画で注意すること」をテーマに、確認したい項目を整理します。
・勤務年数
・雇用形態
・収入の安定性

借りられる額と、無理なく返せる額は同じとは限りません。
収入・借入・生活費・将来の支出を整理し、購入後も安心できる計画を考えましょう。
グランイデアルでは、状況に合わせて住宅ローンの考え方を一緒に整理します。

#住宅ローン #住宅ローン審査 #マイホーム #住宅購入 #資金計画 #グランイデアル

詳しくは公式LINEまでご相談ください。",planned,
2026-10-29-14-Instagram,2026-10-29T14:00:00+09:00,Instagram,2026-10-29_1400_10月用_29_02.png,"自営業は、条件だけでなく家計全体とのバランスが大切です。

今回は「よくある失敗例」をテーマに、確認したい項目を整理します。
・事業年数
・確定申告
・所得の見られ方

借りられる額と、無理なく返せる額は同じとは限りません。
収入・借入・生活費・将来の支出を整理し、購入後も安心できる計画を考えましょう。
グランイデアルでは、状況に合わせて住宅ローンの考え方を一緒に整理します。

#住宅ローン #住宅ローン審査 #マイホーム #住宅購入 #資金計画 #グランイデアル

詳しくは公式LINEまでご相談ください。",planned,
2026-10-29-18-Instagram,2026-10-29T18:00:00+09:00,Instagram,2026-10-29_1800_10月用_29_03.png,"転職を見落とすと、あとから返済計画の見直しが必要になることがあります。

今回は「専門家に相談する前に」をテーマに、確認したい項目を整理します。
・転職時期
・勤続期間
・収入証明

借りられる額と、無理なく返せる額は同じとは限りません。
収入・借入・生活費・将来の支出を整理し、購入後も安心できる計画を考えましょう。
グランイデアルでは、状況に合わせて住宅ローンの考え方を一緒に整理します。

#住宅ローン #住宅ローン審査 #マイホーム #住宅購入 #資金計画 #グランイデアル

詳しくは公式LINEまでご相談ください。",planned,
2026-10-30-10-Instagram,2026-10-30T10:00:00+09:00,Instagram,2026-10-30_1000_10月用_30_01.png,"車ローンについて、住宅購入前に確認したいポイントです。

今回は「知らないと損すること」をテーマに、確認したい項目を整理します。
・残債額
・返済期間
・借入件数

借りられる額と、無理なく返せる額は同じとは限りません。
収入・借入・生活費・将来の支出を整理し、購入後も安心できる計画を考えましょう。
グランイデアルでは、状況に合わせて住宅ローンの考え方を一緒に整理します。

#住宅ローン #住宅ローン審査 #マイホーム #住宅購入 #資金計画 #グランイデアル

詳しくは公式LINEまでご相談ください。",planned,
2026-10-30-14-Instagram,2026-10-30T14:00:00+09:00,Instagram,2026-10-30_1400_10月用_30_02.png,"カードローンは、条件だけでなく家計全体とのバランスが大切です。

今回は「審査前に準備すること」をテーマに、確認したい項目を整理します。
・利用残高
・支払遅延
・解約履歴

借りられる額と、無理なく返せる額は同じとは限りません。
収入・借入・生活費・将来の支出を整理し、購入後も安心できる計画を考えましょう。
グランイデアルでは、状況に合わせて住宅ローンの考え方を一緒に整理します。

#住宅ローン #住宅ローン審査 #マイホーム #住宅購入 #資金計画 #グランイデアル

詳しくは公式LINEまでご相談ください。",planned,
2026-10-30-18-Instagram,2026-10-30T18:00:00+09:00,Instagram,2026-10-30_1800_10月用_30_03.png,"奨学金を見落とすと、あとから返済計画の見直しが必要になることがあります。

今回は「借入前のチェックポイント」をテーマに、確認したい項目を整理します。
・返済額
・残りの期間
・審査への影響

借りられる額と、無理なく返せる額は同じとは限りません。
収入・借入・生活費・将来の支出を整理し、購入後も安心できる計画を考えましょう。
グランイデアルでは、状況に合わせて住宅ローンの考え方を一緒に整理します。

#住宅ローン #住宅ローン審査 #マイホーム #住宅購入 #資金計画 #グランイデアル

詳しくは公式LINEまでご相談ください。",planned,
2026-10-31-10-Instagram,2026-10-31T10:00:00+09:00,Instagram,2026-10-31_1000_10月用_31_01.png,"収入合算について、住宅購入前に確認したいポイントです。

今回は「返済計画で注意すること」をテーマに、確認したい項目を整理します。
・収入の合算
・持分割合
・返済分担

借りられる額と、無理なく返せる額は同じとは限りません。
収入・借入・生活費・将来の支出を整理し、購入後も安心できる計画を考えましょう。
グランイデアルでは、状況に合わせて住宅ローンの考え方を一緒に整理します。

#住宅ローン #住宅ローン審査 #マイホーム #住宅購入 #資金計画 #グランイデアル

詳しくは公式LINEまでご相談ください。",planned,
2026-10-31-14-Instagram,2026-10-31T14:00:00+09:00,Instagram,2026-10-31_1400_10月用_31_02.png,"ペアローンは、条件だけでなく家計全体とのバランスが大切です。

今回は「よくある失敗例」をテーマに、確認したい項目を整理します。
・契約条件
・収入の差
・将来のリスク

借りられる額と、無理なく返せる額は同じとは限りません。
収入・借入・生活費・将来の支出を整理し、購入後も安心できる計画を考えましょう。
グランイデアルでは、状況に合わせて住宅ローンの考え方を一緒に整理します。

#住宅ローン #住宅ローン審査 #マイホーム #住宅購入 #資金計画 #グランイデアル

詳しくは公式LINEまでご相談ください。",planned,
2026-10-31-18-Instagram,2026-10-31T18:00:00+09:00,Instagram,2026-10-31_1800_10月用_31_03.png,"フラット35を見落とすと、あとから返済計画の見直しが必要になることがあります。

今回は「専門家に相談する前に」をテーマに、確認したい項目を整理します。
・金利タイプ
・借入期間
・団信の条件

借りられる額と、無理なく返せる額は同じとは限りません。
収入・借入・生活費・将来の支出を整理し、購入後も安心できる計画を考えましょう。
グランイデアルでは、状況に合わせて住宅ローンの考え方を一緒に整理します。

#住宅ローン #住宅ローン審査 #マイホーム #住宅購入 #資金計画 #グランイデアル

詳しくは公式LINEまでご相談ください。",planned,
